{
    "cx0": 12.569852941176485,
    "cy0": 3.2499999999998814,
    "dx": 32.98235294117649,
    "dy": 33.00000000000003,
    "error": 0.4623129490215421,
    "circles": [
        [
            13.0,
            4.0
        ]
    ],
    "image": "C:\\Users\\brenn\\source\\repos\\lisa_project\\lisa_project\\img\\calibration_files\\17-05.json_calibData_meanResult.png",
    "calibrationDataList": [
        {
            "aperture": "1",
            "blockSize": 31,
            "c": 3.0,
            "circles": [
                [
                    13.0,
                    4.0
                ]
            ],
            "clusterDistance": 20.0,
            "cx0": 12.569852941176485,
            "cy0": 3.2499999999998814,
            "drawCircles": false,
            "drawGrid": true,
            "dx": 32.98235294117649,
            "dy": 33.00000000000003,
            "error": 0.4623129490215421,
            "gaussKernel": [
                15,
                15
            ],
            "image": "C:\\Users\\brenn\\source\\repos\\lisa_project\\lisa_project\\img\\calibration_files\\17-05.json_calibData_0.png",
            "useInvertImage": false
        }
    ]
}